Air_flow,Sea_flow,Air_T,Sea_T_to_humdifer,water_out
1138.33,1351.67,30.28,69.47,2.34
1255,520.33,39.11,42.37,0.53
978.33,621,34.02,68.21,1.07
515.67,1166.33,33.5,39.49,0.78
903.67,588.33,32.3,62.08,0.94
1227,1379.67,36.99,46.03,1.37
901,518.33,36.94,39.79,0.51
1418.33,1183,38.24,54.93,1.5
564.33,1093.67,32.66,41.89,0.93
943.67,687.67,34.64,48.83,0.85
1414.33,843,32.9,42.83,0.79
1245,961,35.64,59.28,1.39
1043.67,1461,30.29,40.88,1.14
1137,793,30.2,58.99,1.14
514.33,784.33,33.73,53.28,1.22
687,735,35.82,48.37,0.97
901.67,1085,38.88,44.19,1.12
1099.67,1327,38.35,51.76,1.63
1307.67,827.67,33.84,47.39,0.9
866.33,513.67,33.8,38.13,0.47
927.67,1255,35.99,57.28,1.85
1495,1158.33,35.24,73.95,1.95
872.33,624.33,34.38,57.2,0.95
1352.33,1331,32.54,37.25,0.9
699.67,895,30.82,72.35,1.93
1081.67,1044.33,35.5,38.83,0.85
1067,565.67,32.35,67.36,0.91
1156.33,930.33,36.72,59.25,1.38
887.67,855.67,34.5,60.72,1.41
608.33,1327.67,30.8,60.88,2.21
1044.33,1254.33,38.4,53.47,1.65
554.33,895.67,34.11,66.67,1.87
1407,1078.33,30.98,54.21,1.33
1452.33,658.33,30.18,58.13,0.83
1197,1127.67,32.75,55.28,1.5
1399,1284.33,38.28,41.23,1.08
1215,1253,39.32,49.87,1.45
1041,849,39.58,61.31,1.36
751,1323.67,30.92,70.64,2.63
1109.67,1210.33,37.31,59.95,1.82
1493,1475.67,36.48,60.51,2
605.67,786.33,39.31,65.09,1.58
709,1355,38.86,71.65,2.77
1342.33,1163.67,35.74,36.13,0.8
1047.67,1236.33,31.84,45.92,1.27
1496.33,613,37.81,55.33,0.76
601,1319.67,39.76,48.45,1.44
1415,763,39.28,40.37,0.71
698.33,1267,39.15,43.63,1.17
721.67,1313,38.83,73.89,2.79
924.33,1421.67,30.72,55.47,1.94
979.67,985,39.07,36.64,0.74
1177.67,1047.67,36.49,47.95,1.18
545.67,709,32.44,61.39,1.35
1291,539.67,35.84,62.88,0.76
984.33,507,36.1,66.77,0.82
1330.33,1413,36.5,46.72,1.41
1490.33,1156.33,30.21,65.36,1.71
1203.67,1024.33,31.02,35.15,0.68
1176.33,803.67,31.4,48.96,0.93
1351,1332.33,35.79,54.19,1.65
648.33,1086.33,38.84,41.33,0.94
623,656.33,31.52,54.91,1.05
1267,964.33,36.06,49.55,1.12
1105,1473.67,33.77,37.65,0.97
1224.33,1359.67,35.21,39.28,1.03
1412.33,1305.67,39.24,45.95,1.3
1425,1184.33,34.86,65.71,1.81
1217.67,1185,35.44,73.73,2.16
702.33,1155,36.06,41.81,1.01
1264.33,1203.67,31.98,40.75,1
937.67,1433,31.38,67.49,2.53
787.67,824.33,35.06,69.68,1.65
861.67,831,36.9,35.23,0.61
791,698.33,37.39,64.56,1.28
1035,829.67,34.21,56.53,1.2
915,1277,34.54,72.05,2.49
559.67,731,30.35,43.33,0.8
1203,799.67,30.13,73.44,1.41
1294.33,1435.67,37.74,74.11,2.54
1400.33,1085.67,32.6,70.75,1.79
749.67,1383,33.21,74.27,2.89
583.67,857.67,32.54,65.79,1.74
1199.67,1444.33,33.66,73.49,2.6
785.67,1247.67,33.31,67.47,2.35
705,1133.67,35.11,42.21,1.02
781,1188.33,39.26,54.27,1.69
593,742.33,34.65,56.29,1.24
1347.67,1278.33,33.28,48.61,1.37
763,535,33.19,42.13,0.57
1167,1225.67,31.82,52.8,1.53
612.33,1293,37.75,49.49,1.5
707.67,991,33.4,70.83,2.08
1127.67,994.33,35.94,52.69,1.29
1172.33,1197,33.74,69.84,2.09
1087,1478.33,37.77,60.56,2.2
733.67,1051,38.18,66,2.01
1189,1273,35.16,68.72,2.17
1091,1451.67,34.12,72.85,2.67
1159,1357,38.73,51.36,1.62
809,781,33.32,69.55,1.53
1012.33,831.67,34.32,46.67,0.95
1441,785,34.84,57.01,1.02
1160.33,1347.67,31.56,47.15,1.4
1097.67,1191,30.44,72.48,2.2
798.33,1470.33,32.32,38.03,0.92
575,1270.33,32.76,69.79,2.63
973,771.67,31.39,51.31,1
1114.33,807,31.07,48.48,0.93
649,1183.67,31.58,38.69,0.83
1249,548.33,36.13,49.23,0.63
1157.67,1420.33,36.53,47.68,1.5
881,724.33,37.88,49.95,0.95
1111,789,35.54,65.04,1.29
862.33,1241.67,39.1,68.13,2.32
1223,973.67,35.43,44.11,0.98
598.33,1388.33,38.27,49.44,1.54
1297.67,585,30.46,44.85,0.58
1444.33,650.33,38.54,43.68,0.66
840.33,1152.33,31.51,47.84,1.32
1385,570.33,37.58,43.55,0.58
679,615.67,32.87,38.48,0.57
606.33,1003.67,30.58,37.97,0.72
613.67,673,34.3,63.73,1.3
1050.33,1471.67,33.65,57.68,2.06
927,1133,33.75,38.72,0.88
870.33,823,38.9,61.23,1.39
1129,1484.33,36.14,67.31,2.47
1285,1225,30.57,54.11,1.53
1170.33,1237,33.9,69.97,2.16
558.33,1040.33,38.58,62.43,1.94
1181.67,965.67,31.94,50.64,1.16
1202.33,1352.33,34.96,52.83,1.66
1461.67,1300.33,37.4,44.59,1.22
907.67,1092.33,38.94,71.09,2.14
1144.33,1378.33,35.6,73.79,2.54
1409,505.67,36.87,56.45,0.63
1411,1091.67,32.2,69.2,1.75
1211,639.67,37.29,65.28,0.99
676.33,1053.67,39.65,61.97,1.9
1430.33,645,31.58,64.99,0.91
905,1451,39.78,65.89,2.52
1437,820.33,30.51,73.04,1.34
503,1285.67,35.22,36.29,0.61
853,1313.67,32.94,35.68,0.76
1384.33,1487.67,34.74,41.47,1.19
569.67,553,39.22,60.59,1.03
1408.33,1102.33,33.63,35.47,0.74
1495.67,967.67,34.34,51.41,1.11
909,893.67,30.06,51.17,1.17
1377.67,1178.33,33.76,44.03,1.11
1361,689.67,36.44,45.76,0.73
1038.33,1169,31.53,40.13,0.96
1456.33,1409,36.62,44.24,1.28
577,915,39.88,70.13,2.01
615.67,1350.33,37.18,38.61,0.84
995.67,659.67,39.05,67.76,1.16
1173,778.33,39.52,73.55,1.42
1287,601,32.17,72.99,0.97
981,627,38.06,65.63,1.06
991.67,1095,39.56,42.48,1.05
1237,747,39.5,36.99,0.63
888.33,1060.33,35.3,72.03,2.11
1389.67,615,31.37,41.52,0.56
843.67,591,33.96,52.75,0.82
717,1287,35.14,61.84,2.19
817,543.67,37.84,42.8,0.6
939.67,1068.33,34.22,48.53,1.27
1453,729,34.14,55.63,0.91
652.33,687,33.84,40.91,0.69
875,767.67,33.34,74.99,1.57
977,629,36.45,61.89,1
819.67,1013.67,33.74,45.87,1.13
814.33,845,39.86,63.55,1.52
537,988.33,36.67,49.6,1.27
1222.33,890.33,38.68,53.25,1.16
1304.33,537,31.78,64.93,0.75
1111.67,1045.67,39.06,64.05,1.72
795.67,1148.33,36.83,50.48,1.46
1365.67,1286.33,33.88,56.67,1.68
805.67,635,33.86,55.92,0.96
1179.67,1100.33,39.36,47.97,1.24
555.67,662.33,33.38,67.52,1.41
1421,796.33,38.26,57.92,1.08
1158.33,557.67,30.9,51.89,0.67
1323,873,31,70.32,1.44
1235.67,875,31.02,71.84,1.51
1019.67,1262.33,34.05,58.61,1.87
1401,1455,36.42,63.39,2.12
863,757,35.2,56.51,1.16
1076.33,1168.33,39.7,39.04,0.94
1083,805.67,32.66,74.29,1.51
519,1493.67,36.17,42,0.98
1040.33,1206.33,35.56,66.35,2.08
1133.67,1001.67,33.57,42.16,0.94
1309.67,580.33,33.12,45.52,0.6
1060.33,1119.67,35.5,50.67,1.38
1406.33,795,35.32,59.17,1.09
769,897.67,36.72,51.79,1.25
1256.33,763.67,37.92,70.99,1.3
1361.67,1417,33.61,41.55,1.16
1333.67,851.67,32.6,53.95,1.07
1265.67,794.33,36.29,35.07,0.6
613,1366.33,36.34,55.6,1.94
627.67,596.33,36.27,36.91,0.52
604.33,501,34.44,40.83,0.53
775.67,1415,39.72,52.24,1.79
1389,1079,39.67,47.01,1.15
839,1291,34.63,54.13,1.77
1346.33,625,31.45,62.48,0.87
1021.67,809.67,36.2,67.41,1.43
1213.67,944.33,31.47,62.64,1.44
1314.33,1325.67,30.96,55.07,1.67
965,801,34.81,49.47,1.01
751.67,517,33.2,57.33,0.8
1357.67,979,37.65,69.33,1.62
911,1029.67,32.27,62,1.72
1013.67,774.33,38.02,39.73,0.72
731.67,1391.67,30.59,73.33,2.88
1136.33,564.33,39.4,64.96,0.88
1263,651,31.74,62.51,0.94
563,751.67,38.16,74.75,1.79
1013,1077,34.72,67.65,1.92
1166.33,1341,36.78,68.88,2.3
1120.33,1055,30.91,69.95,1.87
763.67,980.33,38.04,50.72,1.31
1447.67,655.67,30.03,58.93,0.84
1204.33,931.67,38.59,49.33,1.11
718.33,897,34.78,51.95,1.27
1087.67,641,39.23,63.68,1.02
1465,581.67,36.42,36.45,0.49
1011.67,1035,35.49,49.17,1.25
953.67,1322.33,39.63,61.76,2.13
794.33,1459.67,33.87,59.84,2.26
757,1289,38.43,74,2.72
1260.33,958.33,35.71,54.61,1.26
1285.67,681,31.57,65.25,1.02
1450.33,722.33,30.24,53.65,0.85
938.33,693.67,32.86,50.96,0.9
741.67,1008.33,38.82,55.84,1.56
1094.33,1137,38.71,41.44,1.02
1090.33,1434.33,39.54,54.85,1.89
1279.67,563.67,31.33,63.17,0.79
1354.33,898.33,39.49,46.51,0.97
859.67,1436.33,32.84,74.8,2.91
1171,710.33,30.53,58,0.98
993.67,1372.33,33.3,55.04,1.85
1047,744.33,33.02,54.51,1.02
1251.67,1345.67,38.48,54.72,1.73
1393,1264.33,35.84,40.19,1.02
952.33,791.67,31.28,48.29,0.95
1020.33,906.33,34.98,36.56,0.69
825,1339,34.47,41.65,1.11
775,1011.67,31.89,68.35,1.98
539,1416.33,31.29,38.53,0.77
857,973,34.71,50.37,1.26
1471.67,711.67,33.86,59.55,0.94
1373,922.33,31.82,47.07,0.97
1027.67,1382.33,32.11,44.51,1.31
999,556.33,34.16,38.67,0.51
500.33,1187.67,36.61,47.44,1.24
925.67,711,36.6,68.37,1.3
619,1473,37.73,66.48,2.72
1266.33,747.67,38.82,47.73,0.86
686.33,793.67,37.4,65.44,1.55
1073.67,1311.67,31.25,41.01,1.08
1253,759.67,32.08,70.05,1.25
779,855,30.22,44.48,0.93
847,1306.33,38.37,52.4,1.7
1229,1149.67,32.02,45.28,1.15
1008.33,916.33,34.8,42.56,0.9
983,639,37.59,72.29,1.18
1211.67,1255.67,35.61,70.59,2.19
1023,1445,35.12,64.59,2.37
1180.33,833.67,36.94,35.6,0.64
518.33,1027.67,30.6,51.39,1.37
1455,788.33,31.22,52.37,0.92
1053.67,1175,37.79,70.96,2.18
935,768.33,31.32,64.91,1.33
642.33,1367,31.23,50.53,1.62
591,1031,32.74,71.28,2.26
628.33,521,34.4,69.25,1.05
1382.33,909.67,34.27,39.17,0.76
1369,1117,35.48,43.73,1.06
1468.33,1347,38.76,54,1.63
1209.67,1067.67,37.69,62.24,1.65
507.67,934.33,33.79,35.92,0.56
1212.33,1197.67,32.42,56.16,1.61
933,511,31.54,52.93,0.66
607,995.67,30.02,35.12,0.58
735,1231,36.58,70.43,2.49
1423,1211.67,38.87,41.07,1.03
902.33,1492.33,36.38,55.12,2.01
590.33,1147.67,37.83,50.27,1.44
1014.33,982.33,32.65,51.57,1.26
1258.33,1161.67,32.37,42.91,1.06
917.67,500.33,38.72,72.27,0.9
771,1355.67,36.74,67.71,2.54
1051,1084.33,38.91,63.81,1.81
1016.33,1281.67,32.57,61.28,2
1303,567.67,36.78,45.63,0.6
807.67,677,31.81,53.2,0.97
700.33,986.33,37.3,44.61,1.06
1231,1471,37.98,40.29,1.14
921,1453,38.88,49.65,1.66
1065.67,1290.33,30.63,39.41,0.98
1164.33,1405.67,33.62,48.75,1.53
1029,819,38.67,36.4,0.66
594.33,1466.33,33.36,46.16,1.34
565.67,1440.33,32.42,36,0.65
1483.67,725.67,30.95,60.05,0.95
1398.33,573,35.31,62.03,0.78
1174.33,1312.33,32.64,54.37,1.69
1199,811.67,31.19,35.2,0.58
880.33,1103,32.8,57.97,1.7
801,1109,32.33,61.55,1.88
515,733,30.84,48.56,0.98
727,1497,34.82,57.41,2.18
982.33,743.67,33.93,74.51,1.44
1113.67,935.67,37.91,73.65,1.76
1069.67,513,34.25,64.4,0.78
1039.67,1113.67,35.02,64.13,1.86
1405,1469.67,34.49,46.93,1.44
827,707.67,31.64,61.36,1.19
1321,1164.33,32.01,71.95,2
562.33,716.33,32.45,58.85,1.29
773,984.33,38.53,48.11,1.21
752.33,559,31.11,38.4,0.51
776.33,920.33,38.63,64.19,1.7
1435,1135,37.38,46.96,1.18
681,1039.67,30.15,70.27,2.17
1306.33,1383.67,38.42,39.76,1.07
1371,1335,36.82,57.07,1.76
1097,1129,32.38,71.07,2.05
1243.67,923.67,36.8,66.69,1.51
781.67,534.33,37.2,57.09,0.83
678.33,818.33,35.34,72.67,1.79
916.33,996.33,34.62,73.57,2.01
785,1495.67,35.44,61.44,2.4
516.33,573.67,36.6,70.85,1.3
1387.67,1179.67,33.53,38.43,0.89
1257,1405,39.39,38.45,1.02
655.67,1387,31.49,58.75,2.15
1277.67,1025,31.76,69.01,1.71
672.33,1441,35.51,74.48,3.07
1344.33,1020.33,39.16,52.99,1.28
894.33,1395.67,38.24,37.39,0.9
1473.67,1174.33,39.47,64.32,1.75
1145,955,35.18,57.6,1.37
1301.67,1033,35.35,59.07,1.46
654.33,841,32.84,68.64,1.75
1399.67,989,31.26,70.08,1.61
637,547,37.88,73.09,1.18
1391,527.67,33.44,51.73,0.6
582.33,1193,31.55,44.83,1.14
791.67,1146.33,30.56,70.56,2.29
1153,1127,37.2,43.25,1.08
635,1489,37.02,72,3.05
926.33,1486.33,36.23,74.53,2.93
1001.67,919,33.16,45.71,1.01
1493.67,1324.33,37.24,48.32,1.38
1283,527,31.92,63.89,0.73
738.33,899,34.88,38.88,0.76
1214.33,1109.67,33.34,35.89,0.76
1299,543,37.68,53.55,0.67
1185,1208.33,34.2,56.93,1.67
1475.67,1052.33,35.17,71.57,1.73
905.67,1069.67,39.54,63.12,1.84
1125,1299.67,37.15,46.27,1.34
1061.67,963.67,34.42,46.56,1.07
1465.67,567,35.86,47.87,0.61
1062.33,521.67,33.37,64.61,0.79
531.67,1377.67,35.46,69.52,2.8
996.33,1353.67,38.46,43.39,1.24
755.67,1234.33,33.94,44.32,1.2
581.67,1155.67,35.81,52.72,1.58
617,640.33,31.9,44.53,0.75
1191,633.67,37.03,70.35,1.06
673.67,682.33,37.51,37.07,0.58
603,1016.33,38.18,56.56,1.63
877.67,514.33,32.89,63.57,0.83
998.33,1458.33,30.74,59.73,2.16
787,750.33,32.96,71.89,1.53
1240.33,850.33,37.17,46.77,0.94
921.67,1389,35.53,65.33,2.39
1054.33,606.33,30.4,65.76,0.97
1271,1194.33,39.12,51.6,1.44
1074.33,1041.67,34.46,36.11,0.74
611.67,609.67,30.68,73.15,1.35
949,1002.33,34.9,65.2,1.76
1317,907,37.26,43.65,0.9
1117,905.67,33.18,50.51,1.11
1241.67,826.33,39.53,64.64,1.31
1363,770.33,35.69,64.35,1.15
789,1123.67,37.72,45.25,1.19
822.33,953,31.16,64.21,1.71
759.67,832.33,34.41,59.47,1.41
1375.67,951.67,31.24,44.13,0.91
1093,1429,37.22,44.67,1.35
1042.33,1159.67,33.26,72.77,2.2
753,781.67,32.93,45.81,0.92
989.67,1481,39.09,41.15,1.18
651,633,35.38,70.03,1.32
1448.33,1151,32.96,59.2,1.56
1252.33,1454.33,37.53,60.45,2.09
1323.67,1222.33,37.48,47.49,1.3
758.33,1297.67,37.55,60.08,2.1
1063,1221.67,37.46,38.99,0.95
957,502.33,37.86,47.17,0.59
1278.33,954.33,37.52,64.29,1.5
895,1496.33,39.59,57.63,2.16
1466.33,1032.33,30.7,69.57,1.63
521.67,1295.67,32.61,37.23,0.67
1390.33,810.33,34.93,65.55,1.23
1218.33,645.67,34.94,54.8,0.84
810.33,1249,34.91,66.96,2.32
1084.33,947.67,34.92,47.28,1.08
795,961.67,31.48,57.23,1.51
783.67,987,30.05,37.47,0.74
1236.33,983.67,39.83,72.88,1.77
657.67,1243,34,57.81,1.94
1121.67,872.33,39.34,50.99,1.11
868.33,1342.33,37.6,62.93,2.25
1026.33,526.33,38.56,51.44,0.67
1451,1159,35.72,58.08,1.55
1057.67,535.67,39.14,53.09,0.71
1299.67,649.67,39.87,37.33,0.57
878.33,1334.33,39.45,58.21,2.01
991,1298.33,31.76,40.03,1.02
1388.33,663.67,37.27,39.89,0.61
1492.33,637,36.46,39.09,0.56
1179,1217,37.82,67.33,2.05
734.33,634.33,33.59,49.28,0.85
1489.67,1419.67,30.84,46.85,1.37
739.67,558.33,39.44,67.55,1.06
1077,620.33,32.72,43.89,0.64
761.67,1111.67,34.17,69.39,2.22
1303.67,925.67,35.48,59.39,1.32
1201,1205.67,40,53.6,1.55
731,703,34.31,59.57,1.2
1134.33,1267.67,30.83,73.23,2.33
715,1412.33,30.64,69.73,2.76
827.67,1463.67,35.7,68.51,2.7
1293,672.33,39.48,68.24,1.08
691.67,904.33,37.11,52.59,1.31
643.67,883,30.66,70.29,1.89
1305,674.33,30.76,47.52,0.72
741,537.67,37.49,38.11,0.51
809.67,1196.33,32.02,63.44,2.08
1140.33,851,33.8,46.11,0.93
1071,544.33,37.99,42.72,0.57
898.33,547.67,35.58,47.25,0.66
947.67,913,30.09,48.88,1.11
1022.33,804.33,36.5,37.09,0.66
1064.33,753,37.86,45.2,0.83
767,725,33.38,38.93,0.66
647.67,507.67,37.52,40.08,0.53
1476.33,566.33,39.75,52.91,0.68
995,1252.33,32.68,39.65,0.98
1433.67,1115,38.44,40.48,0.95
1259.67,1390.33,38,67.04,2.25
943,637.67,35.36,53.73,0.88
1198.33,1415.67,31.5,43.87,1.28
760.33,1231.67,39.43,45.44,1.27
1035.67,601.67,38.96,55.57,0.85
986.33,632.33,33.96,65.92,1.06
967.67,969.67,38.08,42.88,0.97
1141.67,625.67,33.17,41.6,0.6
729,506.33,30.78,59.71,0.82
1219,864.33,30.34,70.37,1.47
1066.33,1036.33,37.01,55.76,1.46
1162.33,605,35.9,41.87,0.6
903,1428.33,34.2,72.8,2.78
818.33,899.67,36.81,68.99,1.77
779.67,1265.67,38.14,53.79,1.74
595,1113,39.3,74.88,2.57
659.67,1453.67,34.44,43.92,1.23
1244.33,1220.33,37.72,38.75,0.95
639,853,31.61,69.89,1.82
1311,780.33,35.76,69.76,1.28
1033.67,1211,37.06,50.45,1.47
1103.67,949.67,38.36,40.93,0.88
1317.67,529.67,36.59,61.01,0.72
1081,1216.33,35.62,68.77,2.15
826.33,1055.67,34.19,53.68,1.49
591.67,929.67,39.27,67.17,1.93
883.67,1386.33,30.6,60.91,2.19
1005,560.33,38.3,66.8,0.93
744.33,509.67,39.77,69.17,0.97
1033,926.33,36.33,72.61,1.77
556.33,516.33,30.28,73.36,1.15
1183.67,552.33,30.73,36.77,0.45
649.67,981.67,33.98,41.57,0.9
845,1235,38.04,68.96,2.36
913,1147,39.51,50.11,1.43
1085.67,1421,38.92,62.35,2.21
1309,1292.33,39.74,73.68,2.3
864.33,1190.33,31.95,41.31,1.03
693,1483.67,30.12,46.32,1.42
1217,1081.67,33.42,67.44,1.8
743.67,599.67,30.74,55.2,0.91
566.33,1477,37.7,49.57,1.56
1186.33,705.67,33.51,54.64,0.93
511.67,1452.33,36.41,71.2,3.01
873,1171.67,37.96,56.03,1.72
747.67,1258.33,31.6,40,0.96
1268.33,976.33,32.14,64.27,1.51
522.33,963,39.97,72.93,2.25
1178.33,1062.33,32.4,40.96,0.93
1271.67,1138.33,32,61.47,1.68
1366.33,1047,38.62,62.77,1.57
573,515,32,63.52,0.98
1481,1071,37.85,35.79,0.76
1336.33,515.67,31.1,43.47,0.49
533,1277.67,34.78,66.88,2.51
803.67,765.67,34.52,38.24,0.67
725,1189.67,38.39,44.35,1.18
1379.67,568.33,39,54.88,0.72
656.33,863,38.97,73.52,1.94
1219.67,727,31.27,60.67,1.05
937,715,38.2,67.07,1.28
1151.67,937.67,31.22,55.89,1.28
661,859,31.92,68.43,1.77
1339.67,1233.67,35.8,68,2
1338.33,1235.67,30.54,42.4,1.07
1130.33,729.67,35.68,46.59,0.82
929,1370.33,39.84,56.35,1.95
711.67,1281,33.4,71.39,2.63
935.67,837.67,31.42,66.43,1.49
799.67,1373.67,34.07,66.19,2.48
1103,595.67,30.39,74.96,1.04
1181,509,36.22,50.85,0.61
969.67,1098.33,34.66,52.05,1.43
900.33,1005.67,30.64,71.79,1.98
539.67,1427.67,39.78,39.36,0.83
745.67,647,35.85,74.56,1.37
913.67,1212.33,36.96,74.91,2.48
1085,1214.33,35.78,48.08,1.36
883,1329,38.1,59.65,2.07
1325.67,1018.33,30.78,42.93,0.94
634.33,751,36.46,35.31,0.54
633,754.33,30.79,68.85,1.58
665,666.33,35.26,41.71,0.7
632.33,799,34.5,39.68,0.72
1015.67,1457,30.94,49.73,1.64
1316.33,1049,39.37,50.29,1.24
933.67,1315.67,37.45,42.51,1.17
1247,1143.67,32.62,44.37,1.11
1440.33,708.33,37.95,45.65,0.75
1195,943,35.75,63.47,1.49
977.67,559.67,36.26,63.23,0.89
1115,1404.33,39.01,58.64,2.01
1295,626.33,32.98,42.05,0.59
958.33,1015.67,31.08,51.28,1.3
561.67,1309.67,31.2,54.83,1.82
876.33,561,39.74,36.72,0.51
1362.33,1089,30.32,40.21,0.89
633.67,758.33,30.5,70.72,1.64
550.33,1170.33,34.1,73.41,2.65
919.67,519.67,37.62,70.53,0.92
1238.33,578.33,30.3,47.57,0.62
851.67,1090.33,31.17,39.44,0.88
691,1083.67,33.14,63.92,2
696.33,1181.67,39.08,63.15,2.12
1118.33,603.67,36.88,42.11,0.61
1095.67,1224.33,32.38,60.93,1.87
1378.33,508.33,30.2,67.28,0.7
1441.67,748.33,39.44,67.84,1.16
542.33,1153,38.74,44.88,1.11
1210.33,849.67,32.13,47.79,0.95
1147.67,1437,34.39,39.12,1.05
1009.67,1144.33,36.97,55.65,1.62
802.33,1103.67,33.15,71.87,2.25
942.33,1169.67,38.06,61.04,1.89
858.33,975,34.8,53.04,1.36
886.33,1287.67,30.94,57.52,1.91
912.33,1349,32.95,57.79,1.98
1393.67,841.67,31.86,35.28,0.6
1068.33,769.67,32.78,61.79,1.2
1183,866.33,33.64,65.17,1.39
1146.33,1259,31.87,61.12,1.9
756.33,663,36.18,49.68,0.89
1101.67,881.67,39.8,37.73,0.74
835.67,1469,34.58,51.71,1.79
716.33,1485,31.96,54.05,1.95
671,1007.67,37.02,71.92,2.18
813.67,1180.33,38.68,36.69,0.79
1233.67,1200.33,38.12,44.93,1.2
953,1010.33,39.3,43.04,1.01
1155.67,1319,32.82,55.55,1.75
1331,1145.67,33.5,72.96,1.99
1457,970.33,37.9,58.37,1.32
1072.33,1132.33,32.29,35.81,0.75
624.33,971.67,31.66,53.71,1.44
1092.33,877,38.46,36.51,0.69
736.33,670.33,34.59,54.96,1.03
1254.33,1410.33,34.12,57.76,1.91
985.67,1012.33,33.83,41.68,0.94
619.67,1093,31.34,71.6,2.37
1251,1329.67,34.6,49.63,1.48
1036.33,1257.67,34.55,63.28,2.04
884.33,1009.67,33.04,61.17,1.68
1082.33,885.67,36.52,64.51,1.47
670.33,836.33,38.65,49.84,1.14
863.67,593.67,39.81,72.19,1.15
1208.33,697,38.26,56.4,0.96
720.33,1011,35.01,39.57,0.84
956.33,1112.33,30.4,62.72,1.84
1463,616.33,37.82,67.23,0.91
855,529,32.28,45.47,0.6
1293.67,1392.33,37.24,67.63,2.26
637.67,1413.67,31.12,52.48,1.77
922.33,1218.33,38.93,57.04,1.8
967,1160.33,34.89,47.41,1.3
965.67,1314.33,36.7,74.85,2.62
1376.33,1130.33,35.62,54.43,1.42
1147,1165,34.38,59.52,1.72
629.67,1491,35.45,42.69,1.14
1312.33,730.33,36.77,61.49,1.06
777.67,1456.33,34.43,60.16,2.28
1143.67,1391,32.55,55.41,1.83
1106.33,759,32.09,46.29,0.84
597.67,755,31.98,60.64,1.39
765,887.67,33.09,53.44,1.29
856.33,679.67,37.21,48.59,0.87
778.33,1022.33,36.28,61.87,1.78
567,1358.33,35.04,73.71,2.98
1075,1056.33,34.08,46.75,1.16
1225,1279,36.98,42.43,1.14
747,884.33,36.95,59.33,1.5
1168.33,889,31.16,38,0.71
931.67,629.67,38.2,66.45,1.1
857.67,949,37.64,43.81,1
1137.67,609,33.06,73.63,1.05
526.33,636.33,31.41,41.41,0.66
1099,1141.67,30.1,46.53,1.21
1187,1260.33,34.03,51.87,1.53
666.33,1209.67,31.96,72.08,2.57
1052.33,1140.33,37.67,35.04,0.74
1273,673.67,33.48,58.19,0.91
605,1389.67,31.36,71.33,2.88
1396.33,972.33,34.77,69.15,1.57
657,1239.67,31.62,56.19,1.85
1499.67,1282.33,33.1,60.77,1.76
1379,1193.67,32.58,56.83,1.56
944.33,880.33,31.83,62.61,1.47
899.67,503.67,39.24,60.24,0.78
622.33,1431,36.07,69.36,2.83
823.67,877.67,37.28,59.68,1.46
580.33,1497.67,35.18,35.09,0.62
1239,703.67,35,57.73,0.97
1149,653,31.64,61.52,0.96
615,869.67,32.24,66.64,1.77
1037.67,1050.33,38.79,35.76,0.74
1003,974.33,33.78,63.63,1.63
755,1476.33,39.32,62.32,2.44
1443,1061.67,36.14,53.39,1.3
990.33,610.33,30.42,53.41,0.8
1411.67,1038.33,37.5,70.61,1.72
955,1463,31.13,46.8,1.49
983.67,1357.67,33.69,70.77,2.52
616.33,1489.67,36.12,49.09,1.58
838.33,1485.67,38.36,68.03,2.71
1477,647.67,32.25,45.09,0.64
1369.67,1221,38.6,53.81,1.52
1479,856.33,31.14,62.91,1.21
508.33,871.67,32.52,62.45,1.69
1045,901.67,32.36,39.2,0.77
1045.67,562.33,37.66,44.45,0.62
828.33,719,32.69,64.88,1.29
806.33,664.33,31.78,68.08,1.25
757.67,531,31.46,59.41,0.85
855.67,1232.33,30.88,59.97,1.96
586.33,733.67,30.56,60.4,1.35
1257.67,1122.33,33.22,45.12,1.12
567.67,1186.33,30.16,37.28,0.7
1086.33,531.67,37.61,56.08,0.72
1482.33,995,31.68,74.03,1.66
547.67,1143,39.28,52,1.52
963.67,1365.67,34.29,50.35,1.62
1226.33,1230.33,35.34,72.56,2.2
1175.67,757.67,37.42,60.69,1.14
603.67,1104.33,31.73,64.72,2.11
631,1283.67,36.91,56.48,1.92
947,579,39.92,62.75,0.94
871,1226.33,35.88,52.19,1.6
659,959,37.42,55.95,1.52
674.33,1346.33,31.67,50.93,1.64
589,863.67,38.4,67.6,1.82
811.67,619,30.26,48.67,0.78
1499,668.33,39.58,38.37,0.6
536.33,925,31.86,68.56,2
754.33,805,38.5,57.65,1.32
918.33,1189,38.33,58.27,1.82
1017.67,1455.67,38.48,56.21,2
1247.67,1242.33,32.15,47.33,1.3
1355,1326.33,38.7,56.72,1.75
626.33,669,30.99,43.2,0.74
551.67,1337,32.68,50,1.51
1377,1017.67,34.42,62.96,1.51
812.33,825,36.85,72.24,1.7
1424.33,956.33,34.15,66.91,1.48
800.33,1207.67,30.07,36.27,0.75
897,1215.67,37.1,72.59,2.42
954.33,828.33,30.36,35.84,0.61
981.67,539,35.19,71.41,0.94
722.33,874.33,33.43,38.29,0.72
1107,1213.67,35.89,58.29,1.76
1115.67,1379,34.72,54.4,1.79
1324.33,923,34.36,60.75,1.33
705.67,947,39.7,39.33,0.81
839.67,891.67,37.13,54.99,1.33
512.33,878.33,38.66,74.24,2.12
667.67,1241,33.56,50.03,1.51
1057,638.33,38.56,53.07,0.85
1021,907.67,34.92,41.25,0.85
923.67,1082.33,33.95,54.35,1.52
712.33,1422.33,35.52,48.72,1.56
631.67,1393.67,30.65,61.09,2.29
804.33,1348.33,30.48,58.72,2.07
1124.33,571,38.02,62.19,0.86
555,557,35.27,43.41,0.65
823,572.33,31.7,35.87,0.47
1473,943.67,36.3,54.24,1.17
797,1001,38.32,66.51,1.9
1017,1343.67,35.47,64.83,2.24
1001,714.33,31.1,71.52,1.31
1078.33,1250.33,33.7,63.65,2.02
527.67,903.67,35.14,66.37,1.89
846.33,979.67,37.89,49.12,1.23
1463.67,501.67,34.9,53.84,0.58
1261.67,1239,35.96,57.87,1.71
1165.67,1240.33,36.08,71.15,2.21
602.33,617,32.04,60.27,1.11
653,1131,37.12,74.37,2.53
1292.33,594.33,39.34,60.61,0.84
1335,1318.33,38.84,35.65,0.85
715.67,1033.67,30.34,60.85,1.79
1345.67,504.33,36.7,66.29,0.72
893.67,1336.33,30.49,60.99,2.12
534.33,1317.67,31.5,63.84,2.38
1250.33,752.33,38.15,70.21,1.27
535,719.67,35.59,53.87,1.15
949.67,1014.33,38.03,53.23,1.4
1397,717.67,30.41,46.69,0.74
1374.33,1493,35.67,45.17,1.38
1497,1457.67,32.71,66.27,2.17
941.67,1325,38.21,49.79,1.57
595.67,1203,39.12,37.63,0.75
593.67,717,36.16,35.73,0.54
675.67,525.67,32.39,55.52,0.81
1467.67,910.33,34.56,37.44,0.71
549,1495,34.82,74.61,3.26
663.67,1337.67,39.52,55.44,1.91
553,661.67,39.57,59.01,1.21
1353,931,32.3,51.81,1.11
510.33,1429.67,32.4,39.63,0.81
683,1209,38.38,47.36,1.35
871.67,697.67,36.43,38.91,0.64
1367,665.67,31.6,63.6,0.94
589.67,582.33,32.74,56.37,0.97
1187.67,917.67,30.08,57.31,1.27
695,553.67,37.41,59.76,0.94
879.67,1094.33,39.02,48.24,1.3
945,1275,35.32,35.41,0.77
1129.67,783.67,34.02,36.85,0.63
851,1424.33,33.18,59.12,2.16
525,1245,32.58,66.59,2.44
519.67,678.33,33.52,68.27,1.49
1024.33,1120.33,37.12,61.25,1.78
1420.33,627.67,36.31,35.44,0.5
524.33,522.33,35.41,54.59,0.86
904.33,1091,38.19,45.73,1.19
711,1157.67,35.57,40.77,0.96
1157,1175.67,38.66,73.2,2.17
701.67,575,32.8,71.23,1.16
1449.67,966.33,36.62,43.6,0.93
1415.67,894.33,39.2,38.77,0.77
1409.67,649,30.55,61.81,0.88
597,523.67,36.64,36.19,0.46
664.33,675.67,32.94,39.87,0.65
1489,833,34.6,53.89,1.01
1173.67,592.33,34.61,74.45,1.02
621.67,1118.33,36.22,46.88,1.24
831,1247,38.95,51.12,1.58
1269,939.67,36.09,42.03,0.88
782.33,523,34.76,43.97,0.59
1125.67,1157,30.54,52.21,1.44
1368.33,1371.67,38.86,54.77,1.72
1089,741,35.42,68.19,1.27
1126.33,771,32.81,50.91,0.95
647,797.67,38.85,69.6,1.7
1363.67,896.33,36,65.39,1.38
1328.33,1101.67,39.68,42.19,1.02
1313,1263.67,34.01,43.71,1.16
1188.33,1106.33,38.7,66.03,1.83
931,715.67,35.13,60.96,1.16
869.67,688.33,31.12,74.21,1.37
1169,919.67,30.58,62.53,1.42
1478.33,1397.67,33.76,40.59,1.09
1477.67,1187,31.04,39.6,0.92
1069,1026.33,36.68,54.53,1.41
687.67,776.33,35.86,41.49,0.78
609.67,1433.67,33.55,68.91,2.81
1281.67,538.33,31.72,55.01,0.66
635.67,613.67,35.94,47.31,0.8
1358.33,1034.33,32.85,73.47,1.79
1401.67,773.67,33,39.92,0.67
1159.67,1096.33,34.09,59.63,1.62
544.33,1271,37.54,59.87,2.1
743,699.67,30.11,63.01,1.25
727.67,731.67,38.75,60,1.27
1031,597,36.54,42.08,0.61
546.33,901,36.92,53.52,1.37
677.67,1283,34.04,41.76,1.05
1431.67,623,39.61,57.12,0.81
706.33,630.33,37.23,55.31,0.99
1005.67,962.33,30.06,66.72,1.68
644.33,937,34.7,45.84,1.07
726.33,823.67,32.47,50.75,1.13
1485,821.67,38.32,37.71,0.69
860.33,868.33,36.25,45.55,0.99
962.33,1151.67,37.35,44.43,1.17
1337.67,693,35.66,66.93,1.07
683.67,1139.67,39.95,44.05,1.13
1442.33,1202.33,33.13,38.32,0.89
1009,761.67,34.99,36.24,0.61
531,987.67,34.24,45.36,1.05
859,1058.33,35.15,52.13,1.43
1429,870.33,38.51,37.15,0.7
748.33,736.33,39.84,65.65,1.41
1364.33,653.67,39.86,53.49,0.82
1010.33,1179,37.58,52.32,1.53
1253.67,1333,32.73,55.97,1.75
907,1373,33.1,66.99,2.44
1225.67,1494.33,35.16,35.97,0.9
1279,617.67,38.44,73.17,1.03
1432.33,661,31.05,60.32,0.87
1127,1039,31.75,54.56,1.39
896.33,1371,35.87,42.29,1.18
1329.67,641.67,35.09,62.85,0.92
1380.33,1087.67,30.14,67.68,1.72
1243,1059,39.04,72.64,1.9
1394.33,965,39.33,70.51,1.61
725.67,1411,33.67,35.49,0.72
767.67,551,36.18,64.16,0.97
1023.67,1480.33,39.56,61.57,2.28
1284.33,517.67,36.76,58.24,0.68
1413,1238.33,37.38,39.31,0.97
643,652.33,33.85,58.4,1.12
1163.67,838.33,37.44,70.93,1.48
682.33,860.33,33.68,41.79,0.85
576.33,607,36.73,72.75,1.37
557,1447.67,37.08,50.4,1.61
987.67,1448.33,37.84,36.37,0.88
834.33,1041,34.64,74.08,2.18
579.67,599,37.76,54.69,0.98
1248.33,960.33,32.9,44.21,0.95
543,1054.33,37.98,45.04,1.07
699,1294.33,32.21,60.11,2.11
592.33,706.33,38.13,69.81,1.54
1128.33,1301,32.43,36.75,0.86
575.67,598.33,32.51,36.96,0.51
627,1341.67,37.56,64.69,2.45
946.33,1431.67,31.3,54.75,1.91
1276.33,822.33,38.45,53.33,1.06
892.33,859.67,38.57,71.36,1.7
739,886.33,36.28,53.17,1.3
623.67,1114.33,30.3,36.93,0.7
1063.67,723.67,36.01,73.81,1.35
599,745.67,35.76,52.56,1.13
568.33,1316.33,34.87,49.39,1.48
535.67,1273.67,30.77,41.04,0.9
768.33,1488.33,39.88,48.64,1.62
1018.33,505,30.01,67.39,0.79
1428.33,861.67,30.12,53.36,1.03
988.33,1387.67,30,72.4,2.62
1139,1013,36.56,39.81,0.87
1313.67,990.33,37.34,71.44,1.7
1431,1261,38.64,46.45,1.27
934.33,847,36.24,48.03,1.03
660.33,1219.67,30.85,43.49,1.11
1434.33,905,31.48,39.07,0.73
571.67,1276.33,38.9,65.31,2.41
721,1426.33,38.98,59.15,2.22
1454.33,1150.33,34.85,60.8,1.61
668.33,635.67,35.3,72.53,1.37
645,1475,37.44,61.63,2.43
971,1089.67,38.01,65.87,1.92
662.33,581,39.1,50.56,0.83
1403.67,951,32.59,63.41,1.4
1192.33,1435,34.06,68.61,2.41
919,1437.67,31.52,55.73,1.97
1109,815,39.93,63.97,1.34
1193.67,1134.33,37.68,47.65,1.25
661.67,839.67,38.52,70.91,1.81
966.33,608.33,32.07,50.69,0.77
1246.33,1477.67,30.14,67.92,2.4
530.33,623.67,38.99,52.88,0.99
832.33,667.67,36.88,70.16,1.29
989,1167,39.22,40.69,1.01
973.67,1110.33,30.76,59.81,1.73
1241,738.33,32.56,47.76,0.82
817.67,929,33.11,55.15,1.39
1070.33,1167.67,32.18,58.56,1.72
1108.33,1432.33,34.23,73.31,2.64
1067.67,741.67,38.8,58.45,1.11
1337,680.33,31.97,57.25,0.89
1438.33,1066.33,36.93,42.64,0.98
881.67,571.67,39.98,44.99,0.67
820.33,1296.33,35.58,43.36,1.19
1025,1199.67,38.16,65.41,2.05
1102.33,1360.33,35.52,46.35,1.39
1100.33,1418.33,31.66,36.03,0.86
1451.67,981,37.94,45.6,1
1131.67,1249.67,38.78,45.57,1.28
684.33,651.67,36.86,58.53,1.11
504.33,772.33,37.76,67.73,1.7
1221.67,1323,39.64,48.93,1.47
689,1498.33,39.62,62.11,2.48
1039,765,39.42,64.08,1.28
1135,946.33,33.97,70.67,1.69
651.67,655,39.62,72.21,1.43
723,1274.33,33.27,50.59,1.57
971.67,927.67,37.1,42.61,0.93
941,755.67,30.36,44.91,0.82
599.67,900.33,32.36,44.16,0.96
1096.33,1481.67,30.98,70,2.59
728.33,1021,34.74,57.89,1.65
1245.67,1333.67,38.17,43.07,1.21
549.67,584.33,32.83,71.01,1.3
1197.67,749,38.08,72.43,1.32
1227.67,1048.33,36.51,45.33,1.08
1439,1019.67,30.9,58.05,1.35
527,797,37.32,74.93,1.94
697,685,33.91,37.36,0.58
1207.67,1303.67,37.18,61.68,1.96
844.33,1244.33,35.38,68.29,2.34
923,701.67,32.78,71.73,1.33
1397.67,1116.33,36.69,47.2,1.18
520.33,945.67,31.46,39.47,0.73
1381.67,1072.33,34.56,35.57,0.74
688.33,999.67,35.98,58.96,1.68
830.33,779,35.74,72.13,1.58
1049,827,37.7,68.48,1.47
607.67,809,32.34,74.13,1.87
1229.67,908.33,35.96,35.71,0.67
740.33,1376.33,33.62,56.88,2.02
509.67,702.33,34.68,56.69,1.22
1283.67,1111,33.54,40.32,0.93
1213,842.33,37.28,50.43,1.03
1287.67,621.67,36.2,39.25,0.56
671.67,589,34.26,42.59,0.65
929.67,777.67,33,55.36,1.13
1275,1223.67,31.9,73.39,2.17
1289,817.67,35.82,74.19,1.44
1318.33,577.67,39.66,49.2,0.67
969,887,31.35,41.92,0.85
1311.67,1338.33,39.04,62.16,1.98
681.67,694.33,30.1,64.77,1.32
1139.67,1067,30.38,37.95,0.81
765.67,945,30.66,68.45,1.86
1232.33,865.67,39.98,69.71,1.49
1381,942.33,32.72,49.81,1.07
523,622.33,30.42,67.97,1.35
960.33,648.33,36.76,37.04,0.56
618.33,1467.67,37.94,48.8,1.55
783,587.67,33.32,38.56,0.54
690.33,1340.33,38.64,62.83,2.33
1296.33,1099.67,33.72,71.55,1.9
639.67,802.33,33.33,48.4,1.05
574.33,1006.33,31.08,65.52,2
1421.67,551.67,39.02,45.23,0.58
529,1363.67,33.99,43.01,1.04
570.33,1321.67,38.11,42.75,1.05
1491.67,1408.33,34.32,70.48,2.25
1055,998.33,33.6,74.59,1.94
1413.67,846.33,31.06,36.67,0.64
1308.33,1468.33,39.79,38.19,1.03
1265,1161,38.29,65.84,1.87
1169.67,646.33,37.07,43.23,0.67
1310.33,1381,32.97,51.97,1.61
572.33,1293.67,31.94,70.8,2.72
789.67,1045,31.84,59.89,1.73
1436.33,1361.67,32.34,41.39,1.1
692.33,1330.33,30.96,51.33,1.65
939,569,32.06,42.77,0.59
1391.67,1384.33,39.38,74.67,2.42
517.67,1153.67,38.25,64.43,2.21
1206.33,1149,36.68,66.83,1.91
961.67,861,31.44,37.01,0.67
685,913.67,37.87,62.99,1.7
1281,503,37.04,56.96,0.65
1262.33,1042.33,33.49,72.91,1.85
915.67,1046.33,39.82,51.07,1.37
521,882.33,31.88,47.47,1.07
959.67,1125,32.04,39.23,0.9
625,541.67,39.19,46.13,0.7
1356.33,701,39.66,40.11,0.66
1402.33,813.67,35.42,64.03,1.2
669.67,1368.33,34.34,51.55,1.69
1437.67,1289.67,32.91,45.39,1.23
1028.33,1361,31.43,50.32,1.59
506.33,549.67,39.2,74.83,1.32
713,1129.67,33.35,38.51,0.83
1058.33,1269,33.92,37.17,0.87
1334.33,1354.33,32.18,40.4,1.06
784.33,528.33,36.04,63.09,0.9
1231.67,533.67,33.81,46.19,0.56
1404.33,1438.33,32.44,54.48,1.74
891.67,1000.33,34.46,50.13,1.27
641,941.67,39.16,43.09,0.96
951.67,1004.33,35.46,47.89,1.18
1395,1482.33,36.92,63.31,2.16
1167.67,657.67,37.71,65.23,1.04
1429.67,1107.67,38.72,57.84,1.49
665.67,657,33.22,63.95,1.24
1267.67,1071.67,39.69,65.68,1.73
1497.67,915.67,31.99,56.59,1.16
1298.33,1023,36.21,70.45,1.74
719.67,1266.33,34.36,69.44,2.51
707,1228.33,33.06,46.91,1.33
1195.67,773,39.48,66.05,1.26
1280.33,542.33,38.58,40.51,0.52
1487,512.33,37.26,41.2,0.48
1123.67,843.67,33.44,48,0.97
1460.33,720.33,37.63,38.08,0.62
742.33,721.67,30.68,46.99,0.89
1150.33,867,32.12,50.88,1.06
1031.67,1344.33,36.84,61.73,2.11
997.67,783,32.22,52.27,1.04
1462.33,875.67,34.24,59.31,1.18
1426.33,953.67,34.68,49.41,1.07
917,871,30.23,57.49,1.32
502.33,519,33.6,56.32,0.9
1110.33,1446.33,31.44,67.09,2.41
569,991.67,36.32,37.87,0.7
796.33,737,31.68,68.32,1.42
653.67,525,36.71,50.24,0.74
771.67,1163,32.46,65.12,2.13
1427.67,1419,39.26,66.11,2.17
1019,1073,32.56,43.44,1.05
980.33,549,33.05,69.31,0.93
1375,1017,30.26,55.68,1.3
584.33,618.33,32.52,42.53,0.68
587.67,1367.67,35.08,56.43,1.98
1350.33,1201.67,35.64,46.43,1.23
621,957.67,33.23,58.48,1.63
833.67,852.33,30.86,65.6,1.56
1093.67,834.33,38.1,72.51,1.55
1104.33,583.67,34.86,49.89,0.7
1305.67,1023.67,31.32,68.93,1.69
1272.33,1065,34.37,73.6,1.9
792.33,1449.67,39.14,43.52,1.27
658.33,1176.33,31.72,67.01,2.3
887,933.67,30.8,35.01,0.63
1329,1154.33,30.92,55.71,1.49
713.67,1172.33,37,63.33,2.11
655,1043,36.84,55.39,1.6
1319,1365,36.02,52.45,1.62
1171.67,1407.67,32.86,40.99,1.13
1291.67,1491.67,34.73,61.92,2.16
1041.67,789.67,36.75,71.71,1.46
769.67,800.33,37.14,60.21,1.37
1326.33,699,35.04,71.81,1.15
507,1402.33,37.09,58.43,2.11
1300.33,611.67,34.57,37.57,0.52
843,1307.67,35.4,59.92,2.07
957.67,1059.67,35.88,53.63,1.46
1056.33,791,35.28,62.59,1.27
560.33,579.67,38.09,39.55,0.58
1301,801.67,30.87,36.61,0.61
636.33,762.33,33.29,63.36,1.46
557.67,1219,31.38,37.81,0.73
845.67,532.33,36.89,57.55,0.81
1332.33,1229,37.33,62.8,1.84
677,857,35.54,74.72,1.94
1053,1030.33,31.2,43.79,1.02
793,713.67,33.82,50.08,0.95
1073,1253.67,32.7,57.47,1.79
895.67,604.33,39.17,62.21,1
1263.67,1394.33,34.18,74.4,2.51
1343,888.33,36.12,62.13,1.31
1163,587,31.54,68.59,0.93
835,839,39.42,66.56,1.58
1117.67,1459,34.75,44.64,1.36
1348.33,1407,37.78,70.24,2.34
761,1288.33,32.62,41.97,1.09
914.33,739.67,34.3,68.75,1.37
1446.33,690.33,36.96,37.68,0.59
1184.33,1263,39.68,71.47,2.26
824.33,1105,34.33,52.85,1.51
1032.33,1021.67,30.52,43.28,0.99
1142.33,837,32.24,45.79,0.9
585.67,1280.33,33.04,39.15,0.83
909.67,756.33,35.1,67.15,1.37
987,948.33,35.03,47.81,1.12
1000.33,611,38.81,53.01,0.83
1007,1007,30.04,73.76,1.96
1034.33,936.33,32.63,56,1.33
1333,555,37.64,35.33,0.46
620.33,792.33,31.79,66.21,1.6
610.33,740.33,32.26,61.71,1.38
1191.67,1124.33,33.07,47.92,1.24
1341.67,1487,32.5,63.79,2.2
641.67,1136.33,37.97,61.2,1.99
523.67,992.33,30.75,74.32,2.35
609,1395,39.46,64.48,2.51
1261,1439.67,33.2,52.61,1.71
797.67,1128.33,37.78,61.33,1.92
766.33,893,34.83,65.97,1.7
773.67,1003,37.74,52.11,1.39
581,1385,30.62,39.39,0.86
717.67,1057.67,30.82,40.05,0.88
1467,684.33,38.14,71.04,1.08
723.67,959.67,36.35,42.85,0.96
1289.67,977,33.72,35.39,0.68
1355.67,1019,33.41,52.29,1.23
853.67,1443,30.48,63.71,2.41
1321.67,1029,33.24,70.4,1.73
1481.67,977.67,30.32,37.31,0.72
600.33,1195.67,33.9,73.01,2.64
1055.67,1335.67,37.5,64.8,2.21
836.33,819.67,37.93,37.6,0.69
1193,1479,37.56,43.76,1.33
777,862.33,31.21,58.91,1.42
975.67,889.67,32.92,64.24,1.51
1027,1141,37.37,63.25,1.88
585,586.33,35.06,38.8,0.56
1123,1397,37.08,40.8,1.13
588.33,883.67,39.03,48.77,1.15
745,1135.67,37.62,63.2,2.03
1255.67,1028.33,34.66,57.57,1.43
1275.67,1145,33.89,55.81,1.51
1357,1119,36.48,65.95,1.76
693.67,1441.67,39.82,62.37,2.43
1425.67,1173,37.05,36.43,0.82
703.67,1307,34.1,64.85,2.37
1475,679,31.8,52.16,0.78
545,1097,32.92,46.83,1.19
750.33,1309,37.34,52.64,1.72
543.67,685.67,35.07,63.07,1.36
1339,728.33,37.54,69.04,1.17
985,631,38.42,55.17,0.9
854.33,695,35.9,58.11,1.1
529.67,1464.33,37.46,72.72,3.12
1273.67,1037.67,36.52,71.97,1.82
1288.33,1015,33.01,37.12,0.76
1177,795.67,33.24,47.09,0.88
1059.67,1053,39.08,58.51,1.59
805,1472.33,36.11,36.59,0.84
975,821,39.18,42.35,0.84
849.67,1165.67,32.03,64.75,2.07
1148.33,933,32.64,56.05,1.29
1494.33,1025.67,34.45,58.88,1.37
803,938.33,31.14,37.92,0.74
1392.33,593,32.41,73.87,0.93
963,704.33,30.88,49.04,0.86
1249.67,695.67,32.16,56.91,0.93
1113,540.33,38.5,51.15,0.67
1419,767,38.8,36.16,0.62
551,769,38.89,45.97,0.94
737.67,1181,39.99,59.04,1.92
940.33,1083,37.22,38.64,0.86
1488.33,569.67,33.7,38.59,0.49
1322.33,563,33.68,49.01,0.62
1161.67,914.33,35.63,39.52,0.79
1484.33,1295,34,57.39,1.67
1373.67,1423.67,36.1,42.99,1.24
561,1075.67,36.98,48.05,1.26
869,1320.33,32.2,58.16,1.98
1449,723,33.03,52.53,0.85
1320.33,681.67,33.02,36.48,0.54
1079.67,997,34.54,46.61,1.1
759,867.67,34.58,67.12,1.69
694.33,777,35.23,64.11,1.47
1079,1268.33,39.94,36.08,0.83
596.33,683,39.94,67.95,1.45
1080.33,1315,35.97,56.13,1.81
1403,1259.67,34.69,41.12,1.05
1088.33,1248.33,34.96,43.95,1.2
1116.33,1385.67,35.29,46.08,1.39
1407.67,854.33,30.02,46.21,0.87
735.67,1269.67,34.26,43.57,1.17
646.33,1139,35.91,45.68,1.2
1220.33,671,33.36,73.12,1.14
906.33,1380.33,35.1,56.11,1.94
1003.67,1299,37.16,74.16,2.53
577.67,983,30.93,36.35,0.62
1491,576.33,33.56,57.36,0.71
571,1308.33,33.3,74.64,2.94
1359.67,1063.67,37.6,46.05,1.1
1233,845.67,31.56,62.56,1.27
1433,1126.33,32.1,59.79,1.54
1105.67,1199,30.7,72.45,2.21
528.33,967,32.5,44.08,0.97
552.33,1037,36.19,57.71,1.72
1230.33,927,33.46,41.17,0.84
829.67,524.33,33.58,39.95,0.51
1274.33,865,37.47,44.69,0.9
928.33,997.67,32.28,62.29,1.67
1335.67,1009,33.88,74.43,1.78
1121,1403,39.29,60.35,2.09
1059,1125.67,37.9,62.69,1.82
517,614.33,38.62,62.27,1.22
501.67,940.33,30.27,37.76,0.64
1325,1191.67,31.91,69.07,1.96
1228.33,1077.67,38.98,58.69,1.56
1385.67,1108.33,38.92,55.49,1.44
625.67,1279.67,32.19,48.19,1.41
1459.67,1328.33,36.47,56.75,1.7
893,1105.67,33.28,64.67,1.94
587,1256.33,34.7,67.81,2.5
714.33,993,34.52,51.52,1.36
1315,654.33,33.48,62.05,0.93
950.33,999,30.69,44.4,1.03
1479.67,1088.33,32.08,60.13,1.48
1370.33,1399.67,34.97,37.79,0.97
925,628.33,36.9,49.71,0.81
729.67,811,39,53.97,1.23
645.67,1400.33,31.01,52.03,1.74
1235,671.67,32.88,38.05,0.57
1239.67,1233,30.22,48.99,1.36
1205,1101,39.38,39.84,0.94
813,912.33,36.58,50.19,1.2
1302.33,817,37.16,45.49,0.87
848.33,814.33,36.39,54.03,1.19
1386.33,1417.67,34.84,60.53,1.97
959,746.33,37.04,39.97,0.71
669,1227,36.65,49.52,1.48
837.67,546.33,39.9,58.32,0.86
885,669.67,33.45,37.55,0.58
737,1115.67,34.08,43.31,1.08
1349.67,712.33,36.37,44.27,0.73
1185.67,955.67,35.83,53.12,1.24
1349,1301.67,33.39,60.43,1.84
1487.67,631.67,34.94,50.8,0.71
1282.33,1195,37.36,68.83,2
1006.33,1137.67,38.55,44.96,1.18
724.33,892.33,37.25,36.05,0.64
815,707,34.16,44.8,0.81
1133,881,31.77,36.32,0.66
1182.33,803,36.04,58.77,1.16
890.33,602.33,30.86,47.04,0.71
865.67,1005,32.49,71.68,2.01
786.33,1063,31.24,45.07,1.13
1295.67,798.33,37,63.87,1.22
1331.67,1353,32.67,44.72,1.26
889,1447,31.26,69.49,2.67
1461,1311,37.66,51.25,1.49
689.67,853.67,31.42,54.08,1.29
701,952.33,34.14,64,1.78
807,1439,36.32,48.35,1.57
1089.67,660.33,35.22,38.16,0.58
774.33,721,32.88,72.83,1.49
976.33,683.67,35.56,35.95,0.55
1101,830.33,32.98,57.17,1.19
532.33,764.33,38.34,58.03,1.36
583,1051.67,39.5,43.84,1.03
891,1356.33,34.79,47.55,1.47
772.33,808.33,31.93,53.31,1.17
538.33,1396.33,31.36,64.45,2.51
1327,1142.33,35.92,42.96,1.06
948.33,607.67,32.31,67.57,1.05
1065,577,39.41,40.64,0.58
831.67,667,36.4,54.45,0.98
1061,1205,32.99,50.16,1.44
867.67,917,39.13,48.27,1.14
1175,1479.67,38.38,55.23,1.92
673,1087,39.64,46.37,1.21
1075.67,971,30.71,52.77,1.26
1196.33,911,36.66,70.11,1.59
850.33,550.33,34.95,43.12,0.6
601.67,734.33,37.32,52.08,1.1
841,1362.33,34.4,73.84,2.76
708.33,1073.67,32.16,69.28,2.18
1327.67,1483,36.74,71.25,2.5
793.67,1076.33,36.03,66.08,2.01
970.33,1381.67,36.02,38.35,0.97
1453.67,844.33,35.66,52.43,1.01
1152.33,1027,31.18,40.67,0.89
1201.67,705,35.12,35.25,0.55
573.67,691.67,39.85,40.72,0.7
1422.33,1107,35.2,52.51,1.32
1015,1251.67,38.34,52.96,1.63
992.33,1442.33,30.5,41.84,1.19
1270.33,612.33,38.41,42.32,0.62
1007.67,1339.67,39.21,73.07,2.56
1307,869,35.55,59.23,1.23
503.67,692.33,33.42,72.11,1.63
1365,689,38.07,68.69,1.09
932.33,891,38.76,46.48,1.04
968.33,735.67,32.32,69.87,1.34
1458.33,879,39.73,53.15,1.09
710.33,718.33,32.1,56.85,1.16
1445,825.67,35.92,43.15,0.8
1149.67,1414.33,35.6,37.2,0.93
1383,1411.67,30.67,39.01,1.02
1122.33,575.67,35.26,56.24,0.78
861,873.67,36.38,63.04,1.53
501,1177,36.26,56.64,1.79
1083.67,918.33,39.25,38.85,0.79
1439.67,1474.33,33.64,35.63,0.88
865,561.67,35.24,71.12,1.04
808.33,1173.67,36.44,40.53,0.98
1132.33,1425,33.14,74.69,2.66
505,659,36.08,40.43,0.65
799,743,36.55,35.17,0.56
1464.33,1460.33,30.33,64.53,2.12
1242.33,1406.33,30.08,41.95,1.17
972.33,737.67,32.48,68.53,1.32
1011,583,38.22,47.23,0.69
640.33,909,32.48,72.37,2.01
1457.67,775,32.26,48.91,0.84
1405.67,510.33,32.12,65.01,0.69
1049.67,1201,35.77,67.87,2.11
732.33,1427,30.97,50.83,1.7
1143,782.33,32.7,66.16,1.28
875.67,644.33,30.61,37.41,0.55
1030.33,726.33,39.6,36.88,0.62
764.33,807.67,37.57,44.75,0.92
961,775.67,35.28,42.27,0.79
1215.67,590.33,36.24,74.35,1
650.33,1302.33,35.39,48.51,1.46
1165,1192.33,37.19,69.41,2.08
1485.67,1031.67,36.63,58.8,1.39
1315.67,749.67,39.92,58.83,1.06
899,555.67,35.33,63.49,0.91
1471,985.67,31.62,66.75,1.49
1410.33,978.33,33.58,35.52,0.69
1371.67,835.67,30.47,54.32,1.03
819,1065.67,36.66,60.03,1.76
849,1462.33,32.53,62.4,2.38
638.33,700.33,31.71,42.24,0.74
629,1099,33.82,51.65,1.48
1417.67,1403.67,36.16,52.35,1.63
1046.33,1443.67,32.79,50.77,1.68
1135.67,1243.67,30.43,40.27,1
565,585.67,30.04,65.47,1.18
1469,675,31.15,51.49,0.76
1470.33,1398.33,33.98,49.25,1.47
1469.67,993.67,38.31,66.61,1.53
837,1075,36.57,46.4,1.21
541.67,603,31.8,56.61,1.04
703,1079.67,35.95,40.45,0.91
910.33,815.67,35.72,38.96,0.72
1341,589.67,31.69,68.8,0.88
877,806.33,38.78,46.24,0.95
873.67,619.67,30.72,54.29,0.87
1194.33,1449,33.08,38.21,1
1290.33,921.67,30.19,54.16,1.16
579,1430.33,31.18,61.07,2.34
979,677.67,34.88,50.61,0.87
1259,969,34.62,54.67,1.27
974.33,924.33,39.46,46,1.05
1459,1081,39.96,49.15,1.21
999.67,1207,36.3,49.07,1.41
1025.67,709.67,30.25,71.17,1.27
997,691,38.12,66.4,1.19
563.67,600.33,38.6,53.57,0.96
1107.67,1310.33,33.16,61.65,2.01
1004.33,903,32.76,60.48,1.42
1435.67,816.33,34.48,51.84,0.96
559,760.33,33.25,67.2,1.61
1051.67,1467,35.93,65.07,2.4
1277,1369.67,32.14,69.12,2.27
1145.67,1074.33,31.09,39.71,0.88
1419.67,541,39.89,59.44,0.72
667,1271.67,35.37,68.05,2.5
1161,1177.67,34.28,59.36,1.72
945.67,1131.67,34.06,71.63,2.19
762.33,787,36.64,41.09,0.78
1345,1227.67,35,72.69,2.12
1221,1265,33.94,47.71,1.35
1207,848.33,36.79,48.43,0.98
1190.33,921,39.35,51.68,1.17
513,835,31.88,49.31,1.11
1483,727.67,38.77,37.84,0.63
882.33,1275.67,33.46,53.92,1.73
1029.67,676.33,36.05,41.36,0.67
1360.33,902.33,36.8,68.11,1.45
1223.67,840.33,38.74,61.6,1.28
1237.67,1393,38.69,47.12,1.44
511,605.67,30.16,51.63,0.92
733,545.67,35.65,59.09,0.9
663,989.67,37.36,49.97,1.3
842.33,1349.67,36.34,72.32,2.68
1353.67,533,39.55,53.76,0.66
897.67,779.67,33.26,49.76,1
1343.67,753.67,35.02,66.32,1.16
695.67,530.33,37.3,71.49,1.07
879,554.33,34.28,61.95,0.89
1359,939,32.22,36.53,0.69
1367.67,1246.33,38.05,65.57,1.94
1077.67,1171,34.35,48.85,1.35
847.67,1423,30.17,49.36,1.61
709.67,696.33,32.82,67.25,1.37
885.67,1409.67,35.73,55.87,1.97
1155,1213,31.74,36.8,0.83
719,1375.67,34.51,69.23,2.67
730.33,1117.67,30.18,62.67,1.98
841.67,1465,37.48,56.27,2.06
1486.33,1182.33,31.3,40.61,0.96
908.33,713,33.52,60.29,1.14
821.67,1097.67,39.36,42.45,1.05
1119.67,941,35.7,50.21,1.15
1216.33,1304.33,36.82,70.19,2.26
1416.33,1369,35.98,59.6,1.87
1445.67,1035.67,35.8,51.23,1.2
816.33,642.33,30.81,60.83,1.06
553.67,1162.33,38.49,55.25,1.72
611,1377,34.76,57.15,2.04
811,829,32.77,74.77,1.76
1131,1364.33,35.36,40.56,1.09
548.33,1343,31.03,65.15,2.49
867,957,32.23,73.92,1.97
1209,565,33.92,51.09,0.67
829,643.67,37.8,69.09,1.22
505.67,1305,33.66,51.04,1.53
801.67,812.33,37.96,68.16,1.58
525.67,1229.67,36.56,36.83,0.65
1205.67,1198.33,39.8,41.28,1.05
1340.33,885,34.13,55.09,1.14
1269.67,1461.67,39.91,45.41,1.41
852.33,1401.67,35.08,58.59,2.11
509,1490.33,30.44,70.69,3.03
1095,950.33,31.63,48.13,1.09
1119,1245.67,30.46,66.24,2.07
1395.67,785.67,39.76,68.4,1.26
1151,1291.67,31.34,35.55,0.8
770.33,1272.33,38.28,36.21,0.77
833,1321,31.31,69.92,2.53
1037,935,30.24,48.16,1.08
537.67,545,37.92,55.79,0.93
1351.67,932.33,32.05,65.81,1.44
1189.67,1297,30.38,74.05,2.37
578.33,665,31.85,51.92,1
1091.67,1061,39.4,66.53,1.83
1447,595,34.18,61.41,0.79
1423.67,847.67,39.18,60.37,1.2
874.33,1123,33.08,41.63,1.01
547,1285,37.06,51.47,1.58
746.33,1185.67,31.65,51.2,1.53
951,1204.33,31.04,45.15,1.22
936.33,1374.33,38.61,45.31,1.36
675,1251,34.22,45.89,1.28
1048.33,968.33,34.53,71.31,1.8
1417,1317,31.4,60.19,1.81
1347,1237.67,38.54,44.56,1.2
1043,761,31,72.16,1.39
680.33,511.67,38.96,58.35,0.85
533.67,1345,30.31,49.92,1.5
790.33,591.67,30.37,47.63,0.73
679.67,1223,35.4,56.77,1.87
1200.33,1359,33.78,44.77,1.29
513.67,1351,35.25,43.17,1.03
630.33,1399,30.45,47.6,1.43
788.33,1043.67,36.36,73.28,2.2
1319.67,1363,33.47,58.67,1.86
1474.33,739,35.68,37.52,0.61
753.67,1303,30.52,40.16,0.99
1154.33,1095.67,33.54,67.89,1.87
1286.33,1070.33,36,41.73,0.96
1002.33,1217.67,39.96,50.05,1.48
1297,911.67,38.23,56.99,1.25
1427,975.67,38.47,57.44,1.31
1443.67,732.33,38.52,69.65,1.16
889.67,1499,35.05,52.67,1.87
993,1080.33,30.89,73.97,2.12
1234.33,879.67,38.22,56.8,1.23
1112.33,766.33,31.28,63.76,1.21
994.33,1465.67,39.9,40.85,1.16
614.33,745,30.62,67.79,1.55
1387,1215,38.94,69.63,2
1071.67,536.33,38.3,64.37,0.84
821,1425.67,33.71,37.89,0.91
540.33,813,38,65.49,1.69
1472.33,1261.67,32.46,37.49,0.88
697.67,1069,31.7,51.01,1.41
1383.67,1057,32.06,46.64,1.09
825.67,574.33,34.98,48.21,0.72
1455.67,787.67,35.78,40.35,0.7
911.67,1499.67,31.06,73.25,2.9
1372.33,790.33,34.67,38.27,0.66
780.33,1401,39.72,70.88,2.76
920.33,686.33,34.48,66.13,1.2
1098.33,1375,36.4,42.67,1.21
541,643,39.71,71.76,1.48
964.33,1257,36.15,45.01,1.27
1141,1121,37.14,61.15,1.72
1153.67,1331.67,39.06,66.85,2.23
930.33,1450.33,37.8,35.36,0.8
815.67,1064.33,36.86,44.29,1.1
617.67,1049.67,36.36,68.67,2.18
749,858.33,33.12,44,0.93
955.67,597.67,37.43,57.95,0.89
704.33,1445.67,31.59,59.49,2.25
1480.33,928.33,39.6,65.73,1.42
1498.33,876.33,36.54,40.24,0.77